insert into pair(pairid,level) values (90000,'D');
insert into pair_gene(pairid,hgncId) values (90000,'TXNRD2');
insert into pair_drug(pairid,rxCui) values (90000,'null');
insert into pair(pairid,level) values (90001,'D');
insert into pair_gene(pairid,hgncId) values (90001,'UGT1A4');
insert into pair_drug(pairid,rxCui) values (90001,'28439');
insert into pair(pairid,level) values (90002,'B');
insert into pair_gene(pairid,hgncId) values (90002,'ABL2');
insert into pair_drug(pairid,rxCui) values (90002,'11118');
insert into pair(pairid,level) values (90003,'B');
insert into pair_gene(pairid,hgncId) values (90003,'ASL');
insert into pair_drug(pairid,rxCui) values (90003,'11118');
insert into pair(pairid,level) values (90004,'B');
insert into pair_gene(pairid,hgncId) values (90004,'ASS1');
insert into pair_drug(pairid,rxCui) values (90004,'11118');
insert into pair(pairid,level) values (90005,'B');
insert into pair_gene(pairid,hgncId) values (90005,'CPS1');
insert into pair_drug(pairid,rxCui) values (90005,'11118');
insert into pair(pairid,level) values (90006,'C');
insert into pair_gene(pairid,hgncId) values (90006,'CYP2D6');
insert into pair_drug(pairid,rxCui) values (90006,'9071');
insert into pair(pairid,level) values (90007,'B');
insert into pair_gene(pairid,hgncId) values (90007,'GBA');
insert into pair_drug(pairid,rxCui) values (90007,'901805');
insert into pair(pairid,level) values (90008,'B');
insert into pair_gene(pairid,hgncId) values (90008,'HPRT1');
insert into pair_drug(pairid,rxCui) values (90008,'7145');
insert into pair(pairid,level) values (90009,'D');
insert into pair_gene(pairid,hgncId) values (90009,'LDLR');
insert into pair_drug(pairid,rxCui) values (90009,'83367');
insert into pair(pairid,level) values (90010,'B');
insert into pair_gene(pairid,hgncId) values (90010,'NAGS');
insert into pair_drug(pairid,rxCui) values (90010,'11118');
insert into pair(pairid,level) values (90011,'B');
insert into pair_gene(pairid,hgncId) values (90011,'NAGS');
insert into pair_drug(pairid,rxCui) values (90011,'401713');
insert into pair(pairid,level) values (90012,'B');
insert into pair_gene(pairid,hgncId) values (90012,'OTC');
insert into pair_drug(pairid,rxCui) values (90012,'11118');
insert into pair(pairid,level) values (90013,'B');
insert into pair_gene(pairid,hgncId) values (90013,'POLG');
insert into pair_drug(pairid,rxCui) values (90013,'11118');
insert into pair(pairid,level) values (90014,'B');
insert into pair_gene(pairid,hgncId) values (90014,'POLG');
insert into pair_drug(pairid,rxCui) values (90014,'266856');
insert into pair(pairid,level) values (90015,'D');
insert into pair_gene(pairid,hgncId) values (90015,'SLC28A3');
insert into pair_drug(pairid,rxCui) values (90015,'null');
insert into pair(pairid,level) values (90016,'B');
insert into pair_gene(pairid,hgncId) values (90016,'CYP2D6');
insert into pair_drug(pairid,rxCui) values (90016,'1658314');
insert into pair(pairid,level) values (90017,'B/C');
insert into pair_gene(pairid,hgncId) values (90017,'CYP2C19');
insert into pair_drug(pairid,rxCui) values (90017,'1739745');
insert into pair(pairid,level) values (90018,'D');
insert into pair_gene(pairid,hgncId) values (90018,'TYMS');
insert into pair_drug(pairid,rxCui) values (90018,'194000');
insert into pair(pairid,level) values (90019,'B');
insert into pair_gene(pairid,hgncId) values (90019,'SLCO1B1');
insert into pair_drug(pairid,rxCui) values (90019,'null');
insert into pair(pairid,level) values (90020,'B/C');
insert into pair_gene(pairid,hgncId) values (90020,'UGT1A1');
insert into pair_drug(pairid,rxCui) values (90020,'1433868');
insert into pair(pairid,level) values (90021,'B/C');
insert into pair_gene(pairid,hgncId) values (90021,'CYP2D6');
insert into pair_drug(pairid,rxCui) values (90021,'135447');
insert into pair(pairid,level) values (90022,'C');
insert into pair_gene(pairid,hgncId) values (90022,'CYP2D6');
insert into pair_drug(pairid,rxCui) values (90022,'72625');
insert into pair(pairid,level) values (90023,'C');
insert into pair_gene(pairid,hgncId) values (90023,'CYP2C9');
insert into pair_drug(pairid,rxCui) values (90023,'1665509');
insert into pair(pairid,level) values (90024,'C');
insert into pair_gene(pairid,hgncId) values (90024,'CYP2C19');
insert into pair_drug(pairid,rxCui) values (90024,'1665509');
insert into pair(pairid,level) values (90025,'C');
insert into pair_gene(pairid,hgncId) values (90025,'CYP2D6');
insert into pair_drug(pairid,rxCui) values (90025,'1665509');
insert into pair(pairid,level) values (90026,'D');
insert into pair_gene(pairid,hgncId) values (90026,'TYMS');
insert into pair_drug(pairid,rxCui) values (90026,'4492');
insert into pair(pairid,level) values (90027,'C');
insert into pair_gene(pairid,hgncId) values (90027,'CYP2C9');
insert into pair_drug(pairid,rxCui) values (90027,'1731031');
insert into pair(pairid,level) values (90028,'B/C');
insert into pair_gene(pairid,hgncId) values (90028,'G6PD');
insert into pair_drug(pairid,rxCui) values (90028,'6387');
insert into pair(pairid,level) values (90029,'C');
insert into pair_gene(pairid,hgncId) values (90029,'SLCO1B1');
insert into pair_drug(pairid,rxCui) values (90029,'6851');
insert into pair(pairid,level) values (90030,'C');
insert into pair_gene(pairid,hgncId) values (90030,'CYP3A5');
insert into pair_drug(pairid,rxCui) values (90030,'6960');
insert into pair(pairid,level) values (90031,'D');
insert into pair_gene(pairid,hgncId) values (90031,'VDR');
insert into pair_drug(pairid,rxCui) values (90031,'253453');
insert into pair(pairid,level) values (90032,'C');
insert into pair_gene(pairid,hgncId) values (90032,'SLCO1B1');
insert into pair_drug(pairid,rxCui) values (90032,'42463');
insert into pair(pairid,level) values (90033,'D');
insert into pair_gene(pairid,hgncId) values (90033,'VDR');
insert into pair_drug(pairid,rxCui) values (90033,'9344');
insert into pair(pairid,level) values (90034,'C/D');
insert into pair_gene(pairid,hgncId) values (90034,'CYP2C8');
insert into pair_drug(pairid,rxCui) values (90034,'84108');
insert into pair(pairid,level) values (90035,'C');
insert into pair_gene(pairid,hgncId) values (90035,'SLCO1B1');
insert into pair_drug(pairid,rxCui) values (90035,'301542');
insert into pair(pairid,level) values (90036,'C');
insert into pair_gene(pairid,hgncId) values (90036,'COMT');
insert into pair_drug(pairid,rxCui) values (90036,'null');
insert into pair(pairid,level) values (90037,'C');
insert into pair_gene(pairid,hgncId) values (90037,'CYP2D6');
insert into pair_drug(pairid,rxCui) values (90037,'77492');
insert into pair(pairid,level) values (90038,'D');
insert into pair_gene(pairid,hgncId) values (90038,'KCNIP4');
insert into pair_drug(pairid,rxCui) values (90038,'null');
insert into pair(pairid,level) values (90039,'B');
insert into pair_gene(pairid,hgncId) values (90039,'CYP2D6');
insert into pair_drug(pairid,rxCui) values (90039,'3289');
insert into pair_drug(pairid,rxCui) values (90039,'9068');
insert into pair(pairid,level) values (90040,'A');
insert into pair_gene(pairid,hgncId) values (90040,'CACNA1S');
insert into pair_drug(pairid,rxCui) values (90040,'10154');
insert into pair(pairid,level) values (90041,'A');
insert into pair_gene(pairid,hgncId) values (90041,'CACNA1S');
insert into pair_drug(pairid,rxCui) values (90041,'6026');
insert into pair(pairid,level) values (90042,'A');
insert into pair_gene(pairid,hgncId) values (90042,'CACNA1S');
insert into pair_drug(pairid,rxCui) values (90042,'36453');
insert into pair(pairid,level) values (90043,'A');
insert into pair_gene(pairid,hgncId) values (90043,'CACNA1S');
insert into pair_drug(pairid,rxCui) values (90043,'27340');
insert into pair(pairid,level) values (90044,'A');
insert into pair_gene(pairid,hgncId) values (90044,'HLA-A');
insert into pair_drug(pairid,rxCui) values (90044,'2002');
insert into pair(pairid,level) values (90045,'A');
insert into pair_gene(pairid,hgncId) values (90045,'RYR1');
insert into pair_drug(pairid,rxCui) values (90045,'6026');
insert into pair(pairid,level) values (90046,'A');
insert into pair_gene(pairid,hgncId) values (90046,'RYR1');
insert into pair_drug(pairid,rxCui) values (90046,'36453');
insert into pair(pairid,level) values (90047,'A');
insert into pair_gene(pairid,hgncId) values (90047,'RYR1');
insert into pair_drug(pairid,rxCui) values (90047,'27340');
insert into pair(pairid,level) values (90048,'A/B');
insert into pair_gene(pairid,hgncId) values (90048,'ABCB1');
insert into pair_drug(pairid,rxCui) values (90048,'null');
insert into pair(pairid,level) values (90049,'A/B');
insert into pair_gene(pairid,hgncId) values (90049,'NUDT15');
insert into pair_drug(pairid,rxCui) values (90049,'1256');
insert into pair(pairid,level) values (90050,'A/B');
insert into pair_gene(pairid,hgncId) values (90050,'NUDT15');
insert into pair_drug(pairid,rxCui) values (90050,'103');
insert into pair(pairid,level) values (90051,'B');
insert into pair_gene(pairid,hgncId) values (90051,'CYP2B6');
insert into pair_drug(pairid,rxCui) values (90051,'6813');
insert into pair(pairid,level) values (90052,'B');
insert into pair_gene(pairid,hgncId) values (90052,'CYP2C9');
insert into pair_drug(pairid,rxCui) values (90052,'154');
insert into pair(pairid,level) values (90053,'B');
insert into pair_gene(pairid,hgncId) values (90053,'CYP2D6');
insert into pair_drug(pairid,rxCui) values (90053,'1547220');
insert into pair(pairid,level) values (90054,'B');
insert into pair_gene(pairid,hgncId) values (90054,'G6PD');
insert into pair_drug(pairid,rxCui) values (90054,'10171');
insert into pair(pairid,level) values (90055,'B');
insert into pair_gene(pairid,hgncId) values (90055,'G6PD');
insert into pair_drug(pairid,rxCui) values (90055,'4053');
insert into pair_drug(pairid,rxCui) values (90055,'10207');
insert into pair(pairid,level) values (90056,'B');
insert into pair_gene(pairid,hgncId) values (90056,'HLA-A');
insert into pair_drug(pairid,rxCui) values (90056,'519');
insert into pair(pairid,level) values (90057,'B');
insert into pair_gene(pairid,hgncId) values (90057,'HLA-B');
insert into pair_drug(pairid,rxCui) values (90057,'32624');
insert into pair(pairid,level) values (90058,'B');
insert into pair_gene(pairid,hgncId) values (90058,'UGT1A1');
insert into pair_drug(pairid,rxCui) values (90058,'1543543');
insert into pair(pairid,level) values (90059,'B/C');
insert into pair_gene(pairid,hgncId) values (90059,'SLC6A4');
insert into pair_drug(pairid,rxCui) values (90059,'321988');
insert into pair(pairid,level) values (90060,'B/C');
insert into pair_gene(pairid,hgncId) values (90060,'SLC6A4');
insert into pair_drug(pairid,rxCui) values (90060,'2556');
insert into pair(pairid,level) values (90061,'C');
insert into pair_gene(pairid,hgncId) values (90061,'CFTR');
insert into pair_drug(pairid,rxCui) values (90061,'null');
insert into pair(pairid,level) values (90062,'C');
insert into pair_gene(pairid,hgncId) values (90062,'CYP2C9');
insert into pair_drug(pairid,rxCui) values (90062,'3355');
insert into pair(pairid,level) values (90063,'C');
insert into pair_gene(pairid,hgncId) values (90063,'CYP2D6');
insert into pair_drug(pairid,rxCui) values (90063,'30125');
insert into pair(pairid,level) values (90064,'C');
insert into pair_gene(pairid,hgncId) values (90064,'CYP2D6');
insert into pair_drug(pairid,rxCui) values (90064,'136198');
insert into pair(pairid,level) values (90065,'C');
insert into pair_gene(pairid,hgncId) values (90065,'CYP2D6');
insert into pair_drug(pairid,rxCui) values (90065,'797195');
insert into pair(pairid,level) values (90066,'C');
insert into pair_gene(pairid,hgncId) values (90066,'CYP3A4');
insert into pair_drug(pairid,rxCui) values (90066,'42316');
insert into pair(pairid,level) values (90067,'C');
insert into pair_gene(pairid,hgncId) values (90067,'CYP3A5');
insert into pair_drug(pairid,rxCui) values (90067,'35302');
insert into pair(pairid,level) values (90068,'C');
insert into pair_gene(pairid,hgncId) values (90068,'CYP3A5');
insert into pair_drug(pairid,rxCui) values (90068,'3008');
insert into pair(pairid,level) values (90069,'C');
insert into pair_gene(pairid,hgncId) values (90069,'CYP3A5');
insert into pair_drug(pairid,rxCui) values (90069,'343047');
insert into pair(pairid,level) values (90070,'C');
insert into pair_gene(pairid,hgncId) values (90070,'F5');
insert into pair_drug(pairid,rxCui) values (90070,'711942');
insert into pair(pairid,level) values (90071,'C');
insert into pair_gene(pairid,hgncId) values (90071,'G6PD');
insert into pair_drug(pairid,rxCui) values (90071,'1151');
insert into pair(pairid,level) values (90072,'C');
insert into pair_gene(pairid,hgncId) values (90072,'HLA-B');
insert into pair_drug(pairid,rxCui) values (90072,'3108');
insert into pair(pairid,level) values (90073,'C');
insert into pair_gene(pairid,hgncId) values (90073,'HLA-B');
insert into pair_drug(pairid,rxCui) values (90073,'53654');
insert into pair(pairid,level) values (90074,'C');
insert into pair_gene(pairid,hgncId) values (90074,'HLA-B');
insert into pair_drug(pairid,rxCui) values (90074,'6826');
insert into pair(pairid,level) values (90075,'C');
insert into pair_gene(pairid,hgncId) values (90075,'HLA-B');
insert into pair_drug(pairid,rxCui) values (90075,'2020');
insert into pair(pairid,level) values (90076,'C');
insert into pair_gene(pairid,hgncId) values (90076,'HLA-B');
insert into pair_drug(pairid,rxCui) values (90076,'6835');
insert into pair(pairid,level) values (90077,'C');
insert into pair_gene(pairid,hgncId) values (90077,'HLA-B');
insert into pair_drug(pairid,rxCui) values (90077,'8794');
insert into pair(pairid,level) values (90078,'C');
insert into pair_gene(pairid,hgncId) values (90078,'HLA-C');
insert into pair_drug(pairid,rxCui) values (90078,'519');
insert into pair(pairid,level) values (90079,'C');
insert into pair_gene(pairid,hgncId) values (90079,'HLA-C');
insert into pair_drug(pairid,rxCui) values (90079,'6826');
insert into pair(pairid,level) values (90080,'C');
insert into pair_gene(pairid,hgncId) values (90080,'HLA-DPB1');
insert into pair_drug(pairid,rxCui) values (90080,'1191');
insert into pair(pairid,level) values (90081,'C');
insert into pair_gene(pairid,hgncId) values (90081,'HLA-DQA1');
insert into pair_drug(pairid,rxCui) values (90081,'480167');
insert into pair(pairid,level) values (90082,'C');
insert into pair_gene(pairid,hgncId) values (90082,'HLA-DRB1');
insert into pair_drug(pairid,rxCui) values (90082,'53654');
insert into pair(pairid,level) values (90083,'C');
insert into pair_gene(pairid,hgncId) values (90083,'MC4R');
insert into pair_drug(pairid,rxCui) values (90083,'null');
insert into pair(pairid,level) values (90084,'C');
insert into pair_gene(pairid,hgncId) values (90084,'MT-RNR1');
insert into pair_drug(pairid,rxCui) values (90084,'null');
insert into pair(pairid,level) values (90085,'C');
insert into pair_gene(pairid,hgncId) values (90085,'SERPINC1');
insert into pair_drug(pairid,rxCui) values (90085,'711942');
insert into pair(pairid,level) values (90086,'C');
insert into pair_gene(pairid,hgncId) values (90086,'TNF');
insert into pair_drug(pairid,rxCui) values (90086,'null');
insert into pair(pairid,level) values (90087,'C');
insert into pair_gene(pairid,hgncId) values (90087,'XPC');
insert into pair_drug(pairid,rxCui) values (90087,'2555');
insert into pair(pairid,level) values (90088,'C/D');
insert into pair_gene(pairid,hgncId) values (90088,'ABCB1');
insert into pair_drug(pairid,rxCui) values (90088,'36567');
insert into pair(pairid,level) values (90089,'C/D');
insert into pair_gene(pairid,hgncId) values (90089,'ABCB1');
insert into pair_drug(pairid,rxCui) values (90089,'26225');
insert into pair(pairid,level) values (90090,'C/D');
insert into pair_gene(pairid,hgncId) values (90090,'ABCB1');
insert into pair_drug(pairid,rxCui) values (90090,'6851');
insert into pair(pairid,level) values (90091,'C/D');
insert into pair_gene(pairid,hgncId) values (90091,'ABCB1');
insert into pair_drug(pairid,rxCui) values (90091,'4337');
insert into pair(pairid,level) values (90092,'C/D');
insert into pair_gene(pairid,hgncId) values (90092,'ABCB1');
insert into pair_drug(pairid,rxCui) values (90092,'6813');
insert into pair(pairid,level) values (90093,'C/D');
insert into pair_gene(pairid,hgncId) values (90093,'ABCB1');
insert into pair_drug(pairid,rxCui) values (90093,'7052');
insert into pair(pairid,level) values (90094,'C/D');
insert into pair_gene(pairid,hgncId) values (90094,'ABCB1');
insert into pair_drug(pairid,rxCui) values (90094,'7804');
insert into pair(pairid,level) values (90095,'C/D');
insert into pair_gene(pairid,hgncId) values (90095,'ABCB1');
insert into pair_drug(pairid,rxCui) values (90095,'10689');
insert into pair(pairid,level) values (90096,'C/D');
insert into pair_gene(pairid,hgncId) values (90096,'ABCB1');
insert into pair_drug(pairid,rxCui) values (90096,'357977');
insert into pair(pairid,level) values (90097,'C/D');
insert into pair_gene(pairid,hgncId) values (90097,'BCHE');
insert into pair_drug(pairid,rxCui) values (90097,'10154');
insert into pair(pairid,level) values (90098,'C/D');
insert into pair_gene(pairid,hgncId) values (90098,'OPRM1');
insert into pair_drug(pairid,rxCui) values (90098,'448');
insert into pair(pairid,level) values (90099,'C/D');
insert into pair_gene(pairid,hgncId) values (90099,'OPRM1');
insert into pair_drug(pairid,rxCui) values (90099,'480');
insert into pair(pairid,level) values (90100,'C/D');
insert into pair_gene(pairid,hgncId) values (90100,'OPRM1');
insert into pair_drug(pairid,rxCui) values (90100,'4337');
insert into pair(pairid,level) values (90101,'C/D');
insert into pair_gene(pairid,hgncId) values (90101,'OPRM1');
insert into pair_drug(pairid,rxCui) values (90101,'7243');
insert into pair(pairid,level) values (90102,'C/D');
insert into pair_gene(pairid,hgncId) values (90102,'OPRM1');
insert into pair_drug(pairid,rxCui) values (90102,'6813');
insert into pair(pairid,level) values (90103,'C/D');
insert into pair_gene(pairid,hgncId) values (90103,'OPRM1');
insert into pair_drug(pairid,rxCui) values (90103,'10689');
insert into pair(pairid,level) values (90104,'D');
insert into pair_gene(pairid,hgncId) values (90104,'ACE');
insert into pair_drug(pairid,rxCui) values (90104,'1998');
insert into pair(pairid,level) values (90105,'D');
insert into pair_gene(pairid,hgncId) values (90105,'ANKK1');
insert into pair_drug(pairid,rxCui) values (90105,'448');
insert into pair(pairid,level) values (90106,'D');
insert into pair_gene(pairid,hgncId) values (90106,'APOE');
insert into pair_drug(pairid,rxCui) values (90106,'83367');
insert into pair(pairid,level) values (90107,'D');
insert into pair_gene(pairid,hgncId) values (90107,'C8orf34');
insert into pair_drug(pairid,rxCui) values (90107,'51499');
insert into pair(pairid,level) values (90108,'D');
insert into pair_gene(pairid,hgncId) values (90108,'CCHCR1');
insert into pair_drug(pairid,rxCui) values (90108,'53654');
insert into pair(pairid,level) values (90109,'D');
insert into pair_gene(pairid,hgncId) values (90109,'CETP');
insert into pair_drug(pairid,rxCui) values (90109,'null');
insert into pair(pairid,level) values (90110,'D');
insert into pair_gene(pairid,hgncId) values (90110,'CHRNA3');
insert into pair_drug(pairid,rxCui) values (90110,'7407');
insert into pair(pairid,level) values (90111,'D');
insert into pair_gene(pairid,hgncId) values (90111,'CRHR1');
insert into pair_drug(pairid,rxCui) values (90111,'50121');
insert into pair(pairid,level) values (90112,'D');
insert into pair_gene(pairid,hgncId) values (90112,'CRHR1');
insert into pair_drug(pairid,rxCui) values (90112,'284635');
insert into pair(pairid,level) values (90113,'D');
insert into pair_gene(pairid,hgncId) values (90113,'CRHR1');
insert into pair_drug(pairid,rxCui) values (90113,'10759');
insert into pair(pairid,level) values (90114,'D');
insert into pair_gene(pairid,hgncId) values (90114,'CYB5R2');
insert into pair_drug(pairid,rxCui) values (90114,'6915');
insert into pair(pairid,level) values (90115,'D');
insert into pair_gene(pairid,hgncId) values (90115,'CYB5R3');
insert into pair_drug(pairid,rxCui) values (90115,'6915');
insert into pair(pairid,level) values (90116,'D');
insert into pair_gene(pairid,hgncId) values (90116,'CYB5R4');
insert into pair_drug(pairid,rxCui) values (90116,'6915');
insert into pair(pairid,level) values (90117,'D');
insert into pair_gene(pairid,hgncId) values (90117,'DYNC2H1');
insert into pair_drug(pairid,rxCui) values (90117,'4179');
insert into pair(pairid,level) values (90118,'D');
insert into pair_gene(pairid,hgncId) values (90118,'DYNC2H1');
insert into pair_drug(pairid,rxCui) values (90118,'null');
insert into pair(pairid,level) values (90119,'D');
insert into pair_gene(pairid,hgncId) values (90119,'FKBP5');
insert into pair_drug(pairid,rxCui) values (90119,'null');
insert into pair(pairid,level) values (90120,'D');
insert into pair_gene(pairid,hgncId) values (90120,'GP1BA');
insert into pair_drug(pairid,rxCui) values (90120,'1191');
insert into pair(pairid,level) values (90121,'D');
insert into pair_gene(pairid,hgncId) values (90121,'GRIK4');
insert into pair_drug(pairid,rxCui) values (90121,'null');
insert into pair(pairid,level) values (90122,'D');
insert into pair_gene(pairid,hgncId) values (90122,'GSTM1');
insert into pair_drug(pairid,rxCui) values (90122,'2555');
insert into pair(pairid,level) values (90123,'D');
insert into pair_gene(pairid,hgncId) values (90123,'GSTM1');
insert into pair_drug(pairid,rxCui) values (90123,'32592');
insert into pair(pairid,level) values (90124,'D');
insert into pair_gene(pairid,hgncId) values (90124,'HAS3');
insert into pair_drug(pairid,rxCui) values (90124,'null');
insert into pair(pairid,level) values (90125,'D');
insert into pair_gene(pairid,hgncId) values (90125,'HTR1A');
insert into pair_drug(pairid,rxCui) values (90125,'32937');
insert into pair(pairid,level) values (90126,'D');
insert into pair_gene(pairid,hgncId) values (90126,'HTR2A');
insert into pair_drug(pairid,rxCui) values (90126,'null');
insert into pair(pairid,level) values (90127,'D');
insert into pair_gene(pairid,hgncId) values (90127,'IFNL4');
insert into pair_drug(pairid,rxCui) values (90127,'120608');
insert into pair_drug(pairid,rxCui) values (90127,'253453');
insert into pair(pairid,level) values (90128,'D');
insert into pair_gene(pairid,hgncId) values (90128,'KIF6');
insert into pair_drug(pairid,rxCui) values (90128,'42463');
insert into pair(pairid,level) values (90129,'D');
insert into pair_gene(pairid,hgncId) values (90129,'KIF6');
insert into pair_drug(pairid,rxCui) values (90129,'83367');
insert into pair(pairid,level) values (90130,'D');
insert into pair_gene(pairid,hgncId) values (90130,'LPA');
insert into pair_drug(pairid,rxCui) values (90130,'null');
insert into pair(pairid,level) values (90131,'D');
insert into pair_gene(pairid,hgncId) values (90131,'NEDD4L');
insert into pair_drug(pairid,rxCui) values (90131,'5487');
insert into pair(pairid,level) values (90132,'D');
insert into pair_gene(pairid,hgncId) values (90132,'NQO1');
insert into pair_drug(pairid,rxCui) values (90132,'null');
insert into pair(pairid,level) values (90133,'D');
insert into pair_gene(pairid,hgncId) values (90133,'NQO1');
insert into pair_drug(pairid,rxCui) values (90133,'null');
insert into pair(pairid,level) values (90134,'D');
insert into pair_gene(pairid,hgncId) values (90134,'NQO1');
insert into pair_drug(pairid,rxCui) values (90134,'4492');
insert into pair(pairid,level) values (90135,'D');
insert into pair_gene(pairid,hgncId) values (90135,'NQO1');
insert into pair_drug(pairid,rxCui) values (90135,'null');
insert into pair(pairid,level) values (90136,'D');
insert into pair_gene(pairid,hgncId) values (90136,'NT5C2');
insert into pair_drug(pairid,rxCui) values (90136,'12574');
insert into pair(pairid,level) values (90137,'D');
insert into pair_gene(pairid,hgncId) values (90137,'PRKCA');
insert into pair_drug(pairid,rxCui) values (90137,'5487');
insert into pair(pairid,level) values (90138,'D');
insert into pair_gene(pairid,hgncId) values (90138,'PROC');
insert into pair_drug(pairid,rxCui) values (90138,'11289');
insert into pair(pairid,level) values (90139,'D');
insert into pair_gene(pairid,hgncId) values (90139,'PROS1');
insert into pair_drug(pairid,rxCui) values (90139,'11289');
insert into pair(pairid,level) values (90140,'D');
insert into pair_gene(pairid,hgncId) values (90140,'PTGFR');
insert into pair_drug(pairid,rxCui) values (90140,'43611');
insert into pair(pairid,level) values (90141,'D');
insert into pair_gene(pairid,hgncId) values (90141,'PTGS1');
insert into pair_drug(pairid,rxCui) values (90141,'1191');
insert into pair(pairid,level) values (90142,'D');
insert into pair_gene(pairid,hgncId) values (90142,'SEMA3C');
insert into pair_drug(pairid,rxCui) values (90142,'51499');
insert into pair(pairid,level) values (90143,'D');
insert into pair_gene(pairid,hgncId) values (90143,'SLC47A2');
insert into pair_drug(pairid,rxCui) values (90143,'6809');
insert into pair(pairid,level) values (90144,'D');
insert into pair_gene(pairid,hgncId) values (90144,'TANC1');
insert into pair_drug(pairid,rxCui) values (90144,'null');
insert into pair(pairid,level) values (90145,'B');
insert into pair_gene(pairid,hgncId) values (90145,'CYP2D6');
insert into pair_drug(pairid,rxCui) values (90145,'8886');
insert into pair(pairid,level) values (90146,'A');
insert into pair_gene(pairid,hgncId) values (90146,'CYP2D6');
insert into pair_drug(pairid,rxCui) values (90146,'7804');
insert into pair(pairid,level) values (90147,'A');
insert into pair_gene(pairid,hgncId) values (90147,'CYP2D6');
insert into pair_drug(pairid,rxCui) values (90147,'10689');
insert into pair(pairid,level) values (90148,'A');
insert into pair_gene(pairid,hgncId) values (90148,'UGT1A1');
insert into pair_drug(pairid,rxCui) values (90148,'51499');
insert into pair(pairid,level) values (90149,'B');
insert into pair_gene(pairid,hgncId) values (90149,'CYP2C19');
insert into pair_drug(pairid,rxCui) values (90149,'283742');
insert into pair(pairid,level) values (90150,'B');
insert into pair_gene(pairid,hgncId) values (90150,'CYP2C19');
insert into pair_drug(pairid,rxCui) values (90150,'17128');
insert into pair(pairid,level) values (90151,'B');
insert into pair_gene(pairid,hgncId) values (90151,'CYP2C19');
insert into pair_drug(pairid,rxCui) values (90151,'7646');
insert into pair(pairid,level) values (90152,'B');
insert into pair_gene(pairid,hgncId) values (90152,'CYP2C19');
insert into pair_drug(pairid,rxCui) values (90152,'114979');
insert into pair(pairid,level) values (90153,'B');
insert into pair_gene(pairid,hgncId) values (90153,'CYP2D6');
insert into pair_drug(pairid,rxCui) values (90153,'15996');
insert into pair(pairid,level) values (90154,'B');
insert into pair_gene(pairid,hgncId) values (90154,'CYP2D6');
insert into pair_drug(pairid,rxCui) values (90154,'39786');
insert into pair(pairid,level) values (90155,'B');
insert into pair_gene(pairid,hgncId) values (90155,'CYP2D6');
insert into pair_drug(pairid,rxCui) values (90155,'38400');
insert into pair(pairid,level) values (90156,'B');
insert into pair_gene(pairid,hgncId) values (90156,'CYP2D6');
insert into pair_drug(pairid,rxCui) values (90156,'6901');
insert into pair(pairid,level) values (90157,'A');
insert into pair_gene(pairid,hgncId) values (90157,'CYP2D6');
insert into pair_drug(pairid,rxCui) values (90157,'10324');
insert into pair(pairid,level) values (90158,'C');
insert into pair_gene(pairid,hgncId) values (90158,'CYP2D6');
insert into pair_drug(pairid,rxCui) values (90158,'4493');
insert into pair(pairid,level) values (90159,'B');
insert into pair_gene(pairid,hgncId) values (90159,'CYP2D6');
insert into pair_drug(pairid,rxCui) values (90159,'36437');
insert into pair(pairid,level) values (90160,'B');
insert into pair_gene(pairid,hgncId) values (90160,'G6PD');
insert into pair_drug(pairid,rxCui) values (90160,'2348');
insert into pair(pairid,level) values (90161,'B');
insert into pair_gene(pairid,hgncId) values (90161,'G6PD');
insert into pair_drug(pairid,rxCui) values (90161,'2393');
insert into pair(pairid,level) values (90162,'B');
insert into pair_gene(pairid,hgncId) values (90162,'G6PD');
insert into pair_drug(pairid,rxCui) values (90162,'2551');
insert into pair(pairid,level) values (90163,'B');
insert into pair_gene(pairid,hgncId) values (90163,'G6PD');
insert into pair_drug(pairid,rxCui) values (90163,'3108');
insert into pair(pairid,level) values (90164,'B');
insert into pair_gene(pairid,hgncId) values (90164,'G6PD');
insert into pair_drug(pairid,rxCui) values (90164,'3445');
insert into pair(pairid,level) values (90165,'B');
insert into pair_gene(pairid,hgncId) values (90165,'G6PD');
insert into pair_drug(pairid,rxCui) values (90165,'5521');
insert into pair(pairid,level) values (90166,'B');
insert into pair_gene(pairid,hgncId) values (90166,'G6PD');
insert into pair_drug(pairid,rxCui) values (90166,'82122');
insert into pair(pairid,level) values (90167,'B');
insert into pair_gene(pairid,hgncId) values (90167,'G6PD');
insert into pair_drug(pairid,rxCui) values (90167,'6694');
insert into pair(pairid,level) values (90168,'B');
insert into pair_gene(pairid,hgncId) values (90168,'G6PD');
insert into pair_drug(pairid,rxCui) values (90168,'52582');
insert into pair(pairid,level) values (90169,'B');
insert into pair_gene(pairid,hgncId) values (90169,'G6PD');
insert into pair_drug(pairid,rxCui) values (90169,'6878');
insert into pair(pairid,level) values (90170,'B');
insert into pair_gene(pairid,hgncId) values (90170,'G6PD');
insert into pair_drug(pairid,rxCui) values (90170,'139462');
insert into pair(pairid,level) values (90171,'B');
insert into pair_gene(pairid,hgncId) values (90171,'G6PD');
insert into pair_drug(pairid,rxCui) values (90171,'7454');
insert into pair(pairid,level) values (90172,'B');
insert into pair_gene(pairid,hgncId) values (90172,'G6PD');
insert into pair_drug(pairid,rxCui) values (90172,'7517');
insert into pair(pairid,level) values (90173,'B');
insert into pair_gene(pairid,hgncId) values (90173,'G6PD');
insert into pair_drug(pairid,rxCui) values (90173,'8120');
insert into pair(pairid,level) values (90174,'B');
insert into pair_gene(pairid,hgncId) values (90174,'G6PD');
insert into pair_drug(pairid,rxCui) values (90174,'8687');
insert into pair(pairid,level) values (90175,'B');
insert into pair_gene(pairid,hgncId) values (90175,'G6PD');
insert into pair_drug(pairid,rxCui) values (90175,'8698');
insert into pair(pairid,level) values (90176,'B');
insert into pair_gene(pairid,hgncId) values (90176,'G6PD');
insert into pair_drug(pairid,rxCui) values (90176,'10169');
insert into pair(pairid,level) values (90177,'B');
insert into pair_gene(pairid,hgncId) values (90177,'G6PD');
insert into pair_drug(pairid,rxCui) values (90177,'10831');
insert into pair(pairid,level) values (90178,'B');
insert into pair_gene(pairid,hgncId) values (90178,'G6PD');
insert into pair_drug(pairid,rxCui) values (90178,'9524');
insert into pair(pairid,level) values (90179,'B');
insert into pair_gene(pairid,hgncId) values (90179,'CYP2D6');
insert into pair_drug(pairid,rxCui) values (90179,'89013');
insert into pair(pairid,level) values (90180,'B');
insert into pair_gene(pairid,hgncId) values (90180,'CYP2D6');
insert into pair_drug(pairid,rxCui) values (90180,'35636');
insert into pair(pairid,level) values (90181,'B');
insert into pair_gene(pairid,hgncId) values (90181,'RYR1');
insert into pair_drug(pairid,rxCui) values (90181,'10154');
insert into pair(pairid,level) values (90182,'B');
insert into pair_gene(pairid,hgncId) values (90182,'CYP2C9');
insert into pair_drug(pairid,rxCui) values (90182,'140587');
insert into pair(pairid,level) values (90183,'B');
insert into pair_gene(pairid,hgncId) values (90183,'CYP4F2');
insert into pair_drug(pairid,rxCui) values (90183,'154');
insert into pair(pairid,level) values (90184,'B');
insert into pair_gene(pairid,hgncId) values (90184,'CYP4F2');
insert into pair_drug(pairid,rxCui) values (90184,'8150');
insert into pair(pairid,level) values (90185,'B');
insert into pair_gene(pairid,hgncId) values (90185,'CYP4F2');
insert into pair_drug(pairid,rxCui) values (90185,'11289');
insert into pair(pairid,level) values (90186,'C');
insert into pair_gene(pairid,hgncId) values (90186,'CYP2C19');
insert into pair_drug(pairid,rxCui) values (90186,'3322');
insert into pair(pairid,level) values (90187,'C');
insert into pair_gene(pairid,hgncId) values (90187,'CYP2D6');
insert into pair_drug(pairid,rxCui) values (90187,'2626');
insert into pair(pairid,level) values (90188,'C');
insert into pair_gene(pairid,hgncId) values (90188,'CYP2D6');
insert into pair_drug(pairid,rxCui) values (90188,'5093');
insert into pair(pairid,level) values (90189,'C');
insert into pair_gene(pairid,hgncId) values (90189,'CYP2D6');
insert into pair_drug(pairid,rxCui) values (90189,'61381');
insert into pair(pairid,level) values (90190,'C');
insert into pair_gene(pairid,hgncId) values (90190,'CYP2D6');
insert into pair_drug(pairid,rxCui) values (90190,'10502');
insert into pair(pairid,level) values (90191,'C');
insert into pair_gene(pairid,hgncId) values (90191,'CYP2D6');
insert into pair_drug(pairid,rxCui) values (90191,'114176');
insert into pair(pairid,level) values (90192,'C');
insert into pair_gene(pairid,hgncId) values (90192,'CYP2D6');
insert into pair_drug(pairid,rxCui) values (90192,'44281');
insert into pair(pairid,level) values (90193,'C');
insert into pair_gene(pairid,hgncId) values (90193,'CYP2D6');
insert into pair_drug(pairid,rxCui) values (90193,'4441');
insert into pair(pairid,level) values (90194,'C');
insert into pair_gene(pairid,hgncId) values (90194,'CYP2D6');
insert into pair_drug(pairid,rxCui) values (90194,'8754');
insert into pair(pairid,level) values (90195,'C');
insert into pair_gene(pairid,hgncId) values (90195,'CYP2D6');
insert into pair_drug(pairid,rxCui) values (90195,'37801');
insert into pair(pairid,level) values (90196,'C');
insert into pair_gene(pairid,hgncId) values (90196,'CYP2D6');
insert into pair_drug(pairid,rxCui) values (90196,'10390');
insert into pair(pairid,level) values (90197,'C');
insert into pair_gene(pairid,hgncId) values (90197,'CYP2D6');
insert into pair_drug(pairid,rxCui) values (90197,'69120');
insert into pair(pairid,level) values (90198,'C');
insert into pair_gene(pairid,hgncId) values (90198,'CYP2D6');
insert into pair_drug(pairid,rxCui) values (90198,'119565');
insert into pair(pairid,level) values (90199,'C');
insert into pair_gene(pairid,hgncId) values (90199,'CYP2D6');
insert into pair_drug(pairid,rxCui) values (90199,'20352');
insert into pair(pairid,level) values (90200,'C');
insert into pair_gene(pairid,hgncId) values (90200,'CYP2D6');
insert into pair_drug(pairid,rxCui) values (90200,'6918');
insert into pair(pairid,level) values (90201,'C');
insert into pair_gene(pairid,hgncId) values (90201,'CYP2D6');
insert into pair_drug(pairid,rxCui) values (90201,'8787');
insert into pair(pairid,level) values (90202,'C');
insert into pair_gene(pairid,hgncId) values (90202,'CYP2D6');
insert into pair_drug(pairid,rxCui) values (90202,'10600');
insert into pair(pairid,level) values (90203,'C');
insert into pair_gene(pairid,hgncId) values (90203,'F5');
insert into pair_drug(pairid,rxCui) values (90203,'null');
insert into pair(pairid,level) values (90204,'C');
insert into pair_gene(pairid,hgncId) values (90204,'UGT1A1');
insert into pair_drug(pairid,rxCui) values (90204,'662281');
insert into pair(pairid,level) values (90205,'C');
insert into pair_gene(pairid,hgncId) values (90205,'MTHFR');
insert into pair_drug(pairid,rxCui) values (90205,'194000');
insert into pair(pairid,level) values (90206,'C');
insert into pair_gene(pairid,hgncId) values (90206,'MTHFR');
insert into pair_drug(pairid,rxCui) values (90206,'40048');
insert into pair(pairid,level) values (90207,'C');
insert into pair_gene(pairid,hgncId) values (90207,'MTHFR');
insert into pair_drug(pairid,rxCui) values (90207,'3002');
insert into pair(pairid,level) values (90208,'C');
insert into pair_gene(pairid,hgncId) values (90208,'MTHFR');
insert into pair_drug(pairid,rxCui) values (90208,'4492');
insert into pair(pairid,level) values (90209,'C');
insert into pair_gene(pairid,hgncId) values (90209,'MTHFR');
insert into pair_drug(pairid,rxCui) values (90209,'6313');
insert into pair(pairid,level) values (90210,'C');
insert into pair_gene(pairid,hgncId) values (90210,'MTHFR');
insert into pair_drug(pairid,rxCui) values (90210,'6851');
insert into pair(pairid,level) values (90211,'C');
insert into pair_gene(pairid,hgncId) values (90211,'MTHFR');
insert into pair_drug(pairid,rxCui) values (90211,'32592');
insert into pair(pairid,level) values (90212,'C');
insert into pair_gene(pairid,hgncId) values (90212,'NAT2');
insert into pair_drug(pairid,rxCui) values (90212,'6038');
insert into pair(pairid,level) values (90213,'C');
insert into pair_gene(pairid,hgncId) values (90213,'DRD2');
insert into pair_drug(pairid,rxCui) values (90213,'35636');
insert into pair(pairid,level) values (90214,'B');
insert into pair_gene(pairid,hgncId) values (90214,'SCN1A');
insert into pair_drug(pairid,rxCui) values (90214,'2002');
insert into pair(pairid,level) values (90215,'C/D');
insert into pair_gene(pairid,hgncId) values (90215,'COMT');
insert into pair_drug(pairid,rxCui) values (90215,'2555');
insert into pair(pairid,level) values (90216,'C/D');
insert into pair_gene(pairid,hgncId) values (90216,'CES1');
insert into pair_drug(pairid,rxCui) values (90216,'32968');
insert into pair(pairid,level) values (90217,'C/D');
insert into pair_gene(pairid,hgncId) values (90217,'GSTP1');
insert into pair_drug(pairid,rxCui) values (90217,'3002');
insert into pair(pairid,level) values (90218,'C/D');
insert into pair_gene(pairid,hgncId) values (90218,'ABCB1');
insert into pair_drug(pairid,rxCui) values (90218,'3407');
insert into pair(pairid,level) values (90219,'C/D');
insert into pair_gene(pairid,hgncId) values (90219,'CYP2A7P1');
insert into pair_drug(pairid,rxCui) values (90219,'195085');
insert into pair(pairid,level) values (90220,'B');
insert into pair_gene(pairid,hgncId) values (90220,'CYP2B6');
insert into pair_drug(pairid,rxCui) values (90220,'195085');
insert into pair(pairid,level) values (90221,'C/D');
insert into pair_gene(pairid,hgncId) values (90221,'GSTP1');
insert into pair_drug(pairid,rxCui) values (90221,'3995');
insert into pair(pairid,level) values (90222,'C/D');
insert into pair_gene(pairid,hgncId) values (90222,'GSTP1');
insert into pair_drug(pairid,rxCui) values (90222,'4492');
insert into pair(pairid,level) values (90223,'C/D');
insert into pair_gene(pairid,hgncId) values (90223,'ITPA');
insert into pair_drug(pairid,rxCui) values (90223,'5880');
insert into pair(pairid,level) values (90224,'C/D');
insert into pair_gene(pairid,hgncId) values (90224,'OPRM1');
insert into pair_drug(pairid,rxCui) values (90224,'7052');
insert into pair(pairid,level) values (90225,'C/D');
insert into pair_gene(pairid,hgncId) values (90225,'OPRM1');
insert into pair_drug(pairid,rxCui) values (90225,'7242');
insert into pair(pairid,level) values (90226,'C/D');
insert into pair_gene(pairid,hgncId) values (90226,'ABCB1');
insert into pair_drug(pairid,rxCui) values (90226,'53654');
insert into pair(pairid,level) values (90227,'C/D');
insert into pair_gene(pairid,hgncId) values (90227,'CYP2A7P1');
insert into pair_drug(pairid,rxCui) values (90227,'53654');
insert into pair(pairid,level) values (90228,'B');
insert into pair_gene(pairid,hgncId) values (90228,'CYP2B6');
insert into pair_drug(pairid,rxCui) values (90228,'53654');
insert into pair(pairid,level) values (90229,'C/D');
insert into pair_gene(pairid,hgncId) values (90229,'COMT');
insert into pair_drug(pairid,rxCui) values (90229,'7407');
insert into pair(pairid,level) values (90230,'C/D');
insert into pair_gene(pairid,hgncId) values (90230,'GSTP1');
insert into pair_drug(pairid,rxCui) values (90230,'32592');
insert into pair(pairid,level) values (90231,'B');
insert into pair_gene(pairid,hgncId) values (90231,'SCN1A');
insert into pair_drug(pairid,rxCui) values (90231,'8183');
insert into pair(pairid,level) values (90232,'C/D');
insert into pair_gene(pairid,hgncId) values (90232,'GSTP1');
insert into pair_drug(pairid,rxCui) values (90232,'null');
insert into pair(pairid,level) values (90233,'C/D');
insert into pair_gene(pairid,hgncId) values (90233,'ADRB2');
insert into pair_drug(pairid,rxCui) values (90233,'435');
insert into pair(pairid,level) values (90234,'C/D');
insert into pair_gene(pairid,hgncId) values (90234,'ADRB2');
insert into pair_drug(pairid,rxCui) values (90234,'36117');
insert into pair(pairid,level) values (90235,'D');
insert into pair_gene(pairid,hgncId) values (90235,'CBR3');
insert into pair_drug(pairid,rxCui) values (90235,'null');
insert into pair(pairid,level) values (90236,'D');
insert into pair_gene(pairid,hgncId) values (90236,'ANKK1');
insert into pair_drug(pairid,rxCui) values (90236,'null');
insert into pair(pairid,level) values (90237,'D');
insert into pair_gene(pairid,hgncId) values (90237,'LTC4S');
insert into pair_drug(pairid,rxCui) values (90237,'1191');
insert into pair(pairid,level) values (90238,'D');
insert into pair_gene(pairid,hgncId) values (90238,'COQ2');
insert into pair_drug(pairid,rxCui) values (90238,'83367');
insert into pair(pairid,level) values (90239,'D');
insert into pair_gene(pairid,hgncId) values (90239,'FDPS');
insert into pair_drug(pairid,rxCui) values (90239,'null');
insert into pair(pairid,level) values (90240,'D');
insert into pair_gene(pairid,hgncId) values (90240,'CRHR1');
insert into pair_drug(pairid,rxCui) values (90240,'19831');
insert into pair(pairid,level) values (90241,'D');
insert into pair_gene(pairid,hgncId) values (90241,'ANKK1');
insert into pair_drug(pairid,rxCui) values (90241,'42347');
insert into pair(pairid,level) values (90242,'D');
insert into pair_gene(pairid,hgncId) values (90242,'ADORA2A');
insert into pair_drug(pairid,rxCui) values (90242,'1886');
insert into pair(pairid,level) values (90243,'D');
insert into pair_gene(pairid,hgncId) values (90243,'FLOT1');
insert into pair_drug(pairid,rxCui) values (90243,'2002');
insert into pair(pairid,level) values (90244,'D');
insert into pair_gene(pairid,hgncId) values (90244,'EPHX1');
insert into pair_drug(pairid,rxCui) values (90244,'2002');
insert into pair(pairid,level) values (90245,'D');
insert into pair_gene(pairid,hgncId) values (90245,'FCGR3A');
insert into pair_drug(pairid,rxCui) values (90245,'318341');
insert into pair(pairid,level) values (90246,'D');
insert into pair_gene(pairid,hgncId) values (90246,'EGF');
insert into pair_drug(pairid,rxCui) values (90246,'318341');
insert into pair(pairid,level) values (90247,'D');
insert into pair_gene(pairid,hgncId) values (90247,'TMEM43');
insert into pair_drug(pairid,rxCui) values (90247,'2555');
insert into pair(pairid,level) values (90248,'D');
insert into pair_gene(pairid,hgncId) values (90248,'TP53');
insert into pair_drug(pairid,rxCui) values (90248,'2555');
insert into pair(pairid,level) values (90249,'D');
insert into pair_gene(pairid,hgncId) values (90249,'GRIK4');
insert into pair_drug(pairid,rxCui) values (90249,'2556');
insert into pair(pairid,level) values (90250,'D');
insert into pair_gene(pairid,hgncId) values (90250,'HTR2A');
insert into pair_drug(pairid,rxCui) values (90250,'2556');
insert into pair(pairid,level) values (90251,'D');
insert into pair_gene(pairid,hgncId) values (90251,'HTR2C');
insert into pair_drug(pairid,rxCui) values (90251,'2626');
insert into pair(pairid,level) values (90252,'D');
insert into pair_gene(pairid,hgncId) values (90252,'SOD2');
insert into pair_drug(pairid,rxCui) values (90252,'3002');
insert into pair(pairid,level) values (90253,'D');
insert into pair_gene(pairid,hgncId) values (90253,'TP53');
insert into pair_drug(pairid,rxCui) values (90253,'3002');
insert into pair(pairid,level) values (90254,'D');
insert into pair_gene(pairid,hgncId) values (90254,'UMPS');
insert into pair_drug(pairid,rxCui) values (90254,'4492');
insert into pair(pairid,level) values (90255,'D');
insert into pair_gene(pairid,hgncId) values (90255,'ADD1');
insert into pair_drug(pairid,rxCui) values (90255,'4603');
insert into pair(pairid,level) values (90256,'D');
insert into pair_gene(pairid,hgncId) values (90256,'YEATS4');
insert into pair_drug(pairid,rxCui) values (90256,'5487');
insert into pair(pairid,level) values (90257,'D');
insert into pair_gene(pairid,hgncId) values (90257,'C11orf65');
insert into pair_drug(pairid,rxCui) values (90257,'6809');
insert into pair(pairid,level) values (90258,'D');
insert into pair_gene(pairid,hgncId) values (90258,'MTRR');
insert into pair_drug(pairid,rxCui) values (90258,'6851');
insert into pair(pairid,level) values (90259,'D');
insert into pair_gene(pairid,hgncId) values (90259,'ATIC');
insert into pair_drug(pairid,rxCui) values (90259,'6851');
insert into pair(pairid,level) values (90260,'D');
insert into pair_gene(pairid,hgncId) values (90260,'HTR2C');
insert into pair_drug(pairid,rxCui) values (90260,'61381');
insert into pair(pairid,level) values (90261,'D');
insert into pair_gene(pairid,hgncId) values (90261,'UGT2B15');
insert into pair_drug(pairid,rxCui) values (90261,'7781');
insert into pair(pairid,level) values (90262,'D');
insert into pair_gene(pairid,hgncId) values (90262,'ERCC1');
insert into pair_drug(pairid,rxCui) values (90262,'null');
insert into pair(pairid,level) values (90263,'D');
insert into pair_gene(pairid,hgncId) values (90263,'XRCC1');
insert into pair_drug(pairid,rxCui) values (90263,'1311280');
insert into pair(pairid,level) values (90264,'D');
insert into pair_gene(pairid,hgncId) values (90264,'HTR2C');
insert into pair_drug(pairid,rxCui) values (90264,'35636');
insert into pair(pairid,level) values (90265,'D');
insert into pair_gene(pairid,hgncId) values (90265,'FCGR3A');
insert into pair_drug(pairid,rxCui) values (90265,'121191');
insert into pair(pairid,level) values (90266,'D');
insert into pair_gene(pairid,hgncId) values (90266,'ABCG2');
insert into pair_drug(pairid,rxCui) values (90266,'301542');
insert into pair(pairid,level) values (90267,'D');
insert into pair_gene(pairid,hgncId) values (90267,'COQ2');
insert into pair_drug(pairid,rxCui) values (90267,'301542');
insert into pair(pairid,level) values (90268,'D');
insert into pair_gene(pairid,hgncId) values (90268,'COL22A1');
insert into pair_drug(pairid,rxCui) values (90268,'435');
insert into pair(pairid,level) values (90269,'D');
insert into pair_gene(pairid,hgncId) values (90269,'CRHR2');
insert into pair_drug(pairid,rxCui) values (90269,'435');
insert into pair(pairid,level) values (90270,'D');
insert into pair_gene(pairid,hgncId) values (90270,'GNB3');
insert into pair_drug(pairid,rxCui) values (90270,'136411');
insert into pair(pairid,level) values (90271,'D');
insert into pair_gene(pairid,hgncId) values (90271,'ADD1');
insert into pair_drug(pairid,rxCui) values (90271,'9997');
insert into pair(pairid,level) values (90272,'D');
insert into pair_gene(pairid,hgncId) values (90272,'HMGCR');
insert into pair_drug(pairid,rxCui) values (90272,'null');
insert into pair(pairid,level) values (90273,'D');
insert into pair_gene(pairid,hgncId) values (90273,'ABCC4');
insert into pair_drug(pairid,rxCui) values (90273,'117466');
insert into pair(pairid,level) values (90274,'D');
insert into pair_gene(pairid,hgncId) values (90274,'GGCX');
insert into pair_drug(pairid,rxCui) values (90274,'11289');
insert into pair(pairid,level) values (90275,'D');
insert into pair_gene(pairid,hgncId) values (90275,'CALU');
insert into pair_drug(pairid,rxCui) values (90275,'11289');
insert into pair(pairid,level) values (90276,'D');
insert into pair_gene(pairid,hgncId) values (90276,'TCF7L2');
insert into pair_drug(pairid,rxCui) values (90276,'null');
insert into pair(pairid,level) values (90277,'B');
insert into pair_gene(pairid,hgncId) values (90277,'G6PD');
insert into pair_drug(pairid,rxCui) values (90277,'9071');
insert into pair(pairid,level) values (90278,'B');
insert into pair_gene(pairid,hgncId) values (90278,'G6PD');
insert into pair_drug(pairid,rxCui) values (90278,'9894');
insert into pair(pairid,level) values (90279,'B');
insert into pair_gene(pairid,hgncId) values (90279,'G6PD');
insert into pair_drug(pairid,rxCui) values (90279,'2404');
insert into pair(pairid,level) values (90280,'C');
insert into pair_gene(pairid,hgncId) values (90280,'CYP2C19');
insert into pair_drug(pairid,rxCui) values (90280,'21241');
insert into pair(pairid,level) values (90281,'B/C');
insert into pair_gene(pairid,hgncId) values (90281,'G6PD');
insert into pair_drug(pairid,rxCui) values (90281,'1424911');
insert into pair(pairid,level) values (90282,'B');
insert into pair_gene(pairid,hgncId) values (90282,'CYP2C19');
insert into pair_drug(pairid,rxCui) values (90282,'816346');
insert into pair(pairid,level) values (90283,'B/C');
insert into pair_gene(pairid,hgncId) values (90283,'CYP2C19');
insert into pair_drug(pairid,rxCui) values (90283,'2101');
insert into pair(pairid,level) values (90284,'B');
insert into pair_gene(pairid,hgncId) values (90284,'G6PD');
insert into pair_drug(pairid,rxCui) values (90284,'4815');
insert into pair(pairid,level) values (90285,'D');
insert into pair_gene(pairid,hgncId) values (90285,'CYB5R1');
insert into pair_drug(pairid,rxCui) values (90285,'6915');
insert into pair(pairid,level) values (90286,'B');
insert into pair_gene(pairid,hgncId) values (90286,'CYP2D6');
insert into pair_drug(pairid,rxCui) values (90286,'8331');
insert into pair(pairid,level) values (90287,'C');
insert into pair_gene(pairid,hgncId) values (90287,'CYP2D6');
insert into pair_drug(pairid,rxCui) values (90287,'70561');
insert into pair(pairid,level) values (90288,'B/C');
insert into pair_gene(pairid,hgncId) values (90288,'CYP2C9');
insert into pair_drug(pairid,rxCui) values (90288,'4502');
insert into pair(pairid,level) values (90289,'D');
insert into pair_gene(pairid,hgncId) values (90289,'CYP2D6');
insert into pair_drug(pairid,rxCui) values (90289,'4637');
insert into pair(pairid,level) values (90290,'B');
insert into pair_gene(pairid,hgncId) values (90290,'G6PD');
insert into pair_drug(pairid,rxCui) values (90290,'25789');
insert into pair(pairid,level) values (90291,'B');
insert into pair_gene(pairid,hgncId) values (90291,'G6PD');
insert into pair_drug(pairid,rxCui) values (90291,'4821');
insert into pair(pairid,level) values (90292,'B/C');
insert into pair_gene(pairid,hgncId) values (90292,'CYP2D6');
insert into pair_drug(pairid,rxCui) values (90292,'73178');
insert into pair(pairid,level) values (90293,'D');
insert into pair_gene(pairid,hgncId) values (90293,'NAT1');
insert into pair_gene(pairid,hgncId) values (90293,'NAT2');
insert into pair_drug(pairid,rxCui) values (90293,'5470');
insert into pair_drug(pairid,rxCui) values (90293,'6058');
insert into pair(pairid,level) values (90294,'B');
insert into pair_gene(pairid,hgncId) values (90294,'G6PD');
insert into pair_drug(pairid,rxCui) values (90294,'6572');
insert into pair(pairid,level) values (90295,'B');
insert into pair_gene(pairid,hgncId) values (90295,'G6PD');
insert into pair_drug(pairid,rxCui) values (90295,'7240');
insert into pair(pairid,level) values (90296,'B');
insert into pair_gene(pairid,hgncId) values (90296,'CYP2C19');
insert into pair_drug(pairid,rxCui) values (90296,'40790');
insert into pair(pairid,level) values (90297,'B/C');
insert into pair_gene(pairid,hgncId) values (90297,'UGT1A1');
insert into pair_drug(pairid,rxCui) values (90297,'714438');
insert into pair(pairid,level) values (90298,'B');
insert into pair_gene(pairid,hgncId) values (90298,'G6PD');
insert into pair_drug(pairid,rxCui) values (90298,'1011650');
insert into pair(pairid,level) values (90299,'B/C');
insert into pair_gene(pairid,hgncId) values (90299,'CYP2D6');
insert into pair_drug(pairid,rxCui) values (90299,'8076');
insert into pair(pairid,level) values (90300,'B');
insert into pair_gene(pairid,hgncId) values (90300,'CYP2D6');
insert into pair_drug(pairid,rxCui) values (90300,'1455099');
insert into pair(pairid,level) values (90301,'C');
insert into pair_gene(pairid,hgncId) values (90301,'CYP2D6');
insert into pair_drug(pairid,rxCui) values (90301,'68091');
